DateKey,date,day,month,month_in_short,monthnumb,quater,year
20230101,01-01-2023,Sunday,January,Jan,1,1,2023
20230102,02-01-2023,Monday,January,Jan,1,1,2023
20230103,03-01-2023,Tuesday,January,Jan,1,1,2023
20230104,04-01-2023,Wednesday,January,Jan,1,1,2023
20230105,05-01-2023,Thursday,January,Jan,1,1,2023
20230106,06-01-2023,Friday,January,Jan,1,1,2023
20230107,07-01-2023,Saturday,January,Jan,1,1,2023
20230108,08-01-2023,Sunday,January,Jan,1,1,2023
20230109,09-01-2023,Monday,January,Jan,1,1,2023
20230110,10-01-2023,Tuesday,January,Jan,1,1,2023
20230111,11-01-2023,Wednesday,January,Jan,1,1,2023
20230112,12-01-2023,Thursday,January,Jan,1,1,2023
20230113,13-01-2023,Friday,January,Jan,1,1,2023
20230114,14-01-2023,Saturday,January,Jan,1,1,2023
20230115,15-01-2023,Sunday,January,Jan,1,1,2023
20230116,16-01-2023,Monday,January,Jan,1,1,2023
20230117,17-01-2023,Tuesday,January,Jan,1,1,2023
20230118,18-01-2023,Wednesday,January,Jan,1,1,2023
20230119,19-01-2023,Thursday,January,Jan,1,1,2023
20230120,20-01-2023,Friday,January,Jan,1,1,2023
20230121,21-01-2023,Saturday,January,Jan,1,1,2023
20230122,22-01-2023,Sunday,January,Jan,1,1,2023
20230123,23-01-2023,Monday,January,Jan,1,1,2023
20230124,24-01-2023,Tuesday,January,Jan,1,1,2023
20230125,25-01-2023,Wednesday,January,Jan,1,1,2023
20230126,26-01-2023,Thursday,January,Jan,1,1,2023
20230127,27-01-2023,Friday,January,Jan,1,1,2023
20230128,28-01-2023,Saturday,January,Jan,1,1,2023
20230129,29-01-2023,Sunday,January,Jan,1,1,2023
20230130,30-01-2023,Monday,January,Jan,1,1,2023
20230131,31-01-2023,Tuesday,January,Jan,1,1,2023
20230201,01-02-2023,Wednesday,February,Feb,2,1,2023
20230202,02-02-2023,Thursday,February,Feb,2,1,2023
20230203,03-02-2023,Friday,February,Feb,2,1,2023
20230204,04-02-2023,Saturday,February,Feb,2,1,2023
20230205,05-02-2023,Sunday,February,Feb,2,1,2023
20230206,06-02-2023,Monday,February,Feb,2,1,2023
20230207,07-02-2023,Tuesday,February,Feb,2,1,2023
20230208,08-02-2023,Wednesday,February,Feb,2,1,2023
20230209,09-02-2023,Thursday,February,Feb,2,1,2023
20230210,10-02-2023,Friday,February,Feb,2,1,2023
20230211,11-02-2023,Saturday,February,Feb,2,1,2023
20230212,12-02-2023,Sunday,February,Feb,2,1,2023
20230213,13-02-2023,Monday,February,Feb,2,1,2023
20230214,14-02-2023,Tuesday,February,Feb,2,1,2023
20230215,15-02-2023,Wednesday,February,Feb,2,1,2023
20230216,16-02-2023,Thursday,February,Feb,2,1,2023
20230217,17-02-2023,Friday,February,Feb,2,1,2023
20230218,18-02-2023,Saturday,February,Feb,2,1,2023
20230219,19-02-2023,Sunday,February,Feb,2,1,2023
20230220,20-02-2023,Monday,February,Feb,2,1,2023
20230221,21-02-2023,Tuesday,February,Feb,2,1,2023
20230222,22-02-2023,Wednesday,February,Feb,2,1,2023
20230223,23-02-2023,Thursday,February,Feb,2,1,2023
20230224,24-02-2023,Friday,February,Feb,2,1,2023
20230225,25-02-2023,Saturday,February,Feb,2,1,2023
20230226,26-02-2023,Sunday,February,Feb,2,1,2023
20230227,27-02-2023,Monday,February,Feb,2,1,2023
20230228,28-02-2023,Tuesday,February,Feb,2,1,2023
20230301,01-03-2023,Wednesday,March,Mar,3,1,2023
20230302,02-03-2023,Thursday,March,Mar,3,1,2023
20230303,03-03-2023,Friday,March,Mar,3,1,2023
20230304,04-03-2023,Saturday,March,Mar,3,1,2023
20230305,05-03-2023,Sunday,March,Mar,3,1,2023
20230306,06-03-2023,Monday,March,Mar,3,1,2023
20230307,07-03-2023,Tuesday,March,Mar,3,1,2023
20230308,08-03-2023,Wednesday,March,Mar,3,1,2023
20230309,09-03-2023,Thursday,March,Mar,3,1,2023
20230310,10-03-2023,Friday,March,Mar,3,1,2023
20230311,11-03-2023,Saturday,March,Mar,3,1,2023
20230312,12-03-2023,Sunday,March,Mar,3,1,2023
20230313,13-03-2023,Monday,March,Mar,3,1,2023
20230314,14-03-2023,Tuesday,March,Mar,3,1,2023
20230315,15-03-2023,Wednesday,March,Mar,3,1,2023
20230316,16-03-2023,Thursday,March,Mar,3,1,2023
20230317,17-03-2023,Friday,March,Mar,3,1,2023
20230318,18-03-2023,Saturday,March,Mar,3,1,2023
20230319,19-03-2023,Sunday,March,Mar,3,1,2023
20230320,20-03-2023,Monday,March,Mar,3,1,2023
20230321,21-03-2023,Tuesday,March,Mar,3,1,2023
20230322,22-03-2023,Wednesday,March,Mar,3,1,2023
20230323,23-03-2023,Thursday,March,Mar,3,1,2023
20230324,24-03-2023,Friday,March,Mar,3,1,2023
20230325,25-03-2023,Saturday,March,Mar,3,1,2023
20230326,26-03-2023,Sunday,March,Mar,3,1,2023
20230327,27-03-2023,Monday,March,Mar,3,1,2023
20230328,28-03-2023,Tuesday,March,Mar,3,1,2023
20230329,29-03-2023,Wednesday,March,Mar,3,1,2023
20230330,30-03-2023,Thursday,March,Mar,3,1,2023
20230331,31-03-2023,Friday,March,Mar,3,1,2023
20230401,01-04-2023,Saturday,April,Apr,4,2,2023
20230402,02-04-2023,Sunday,April,Apr,4,2,2023
20230403,03-04-2023,Monday,April,Apr,4,2,2023
20230404,04-04-2023,Tuesday,April,Apr,4,2,2023
20230405,05-04-2023,Wednesday,April,Apr,4,2,2023
20230406,06-04-2023,Thursday,April,Apr,4,2,2023
20230407,07-04-2023,Friday,April,Apr,4,2,2023
20230408,08-04-2023,Saturday,April,Apr,4,2,2023
20230409,09-04-2023,Sunday,April,Apr,4,2,2023
20230410,10-04-2023,Monday,April,Apr,4,2,2023
20230411,11-04-2023,Tuesday,April,Apr,4,2,2023
20230412,12-04-2023,Wednesday,April,Apr,4,2,2023
20230413,13-04-2023,Thursday,April,Apr,4,2,2023
20230414,14-04-2023,Friday,April,Apr,4,2,2023
20230415,15-04-2023,Saturday,April,Apr,4,2,2023
20230416,16-04-2023,Sunday,April,Apr,4,2,2023
20230417,17-04-2023,Monday,April,Apr,4,2,2023
20230418,18-04-2023,Tuesday,April,Apr,4,2,2023
20230419,19-04-2023,Wednesday,April,Apr,4,2,2023
20230420,20-04-2023,Thursday,April,Apr,4,2,2023
20230421,21-04-2023,Friday,April,Apr,4,2,2023
20230422,22-04-2023,Saturday,April,Apr,4,2,2023
20230423,23-04-2023,Sunday,April,Apr,4,2,2023
20230424,24-04-2023,Monday,April,Apr,4,2,2023
20230425,25-04-2023,Tuesday,April,Apr,4,2,2023
20230426,26-04-2023,Wednesday,April,Apr,4,2,2023
20230427,27-04-2023,Thursday,April,Apr,4,2,2023
20230428,28-04-2023,Friday,April,Apr,4,2,2023
20230429,29-04-2023,Saturday,April,Apr,4,2,2023
20230430,30-04-2023,Sunday,April,Apr,4,2,2023
20230501,01-05-2023,Monday,May,May,5,2,2023
20230502,02-05-2023,Tuesday,May,May,5,2,2023
20230503,03-05-2023,Wednesday,May,May,5,2,2023
20230504,04-05-2023,Thursday,May,May,5,2,2023
20230505,05-05-2023,Friday,May,May,5,2,2023
20230506,06-05-2023,Saturday,May,May,5,2,2023
20230507,07-05-2023,Sunday,May,May,5,2,2023
20230508,08-05-2023,Monday,May,May,5,2,2023
20230509,09-05-2023,Tuesday,May,May,5,2,2023
20230510,10-05-2023,Wednesday,May,May,5,2,2023
20230511,11-05-2023,Thursday,May,May,5,2,2023
20230512,12-05-2023,Friday,May,May,5,2,2023
20230513,13-05-2023,Saturday,May,May,5,2,2023
20230514,14-05-2023,Sunday,May,May,5,2,2023
20230515,15-05-2023,Monday,May,May,5,2,2023
20230516,16-05-2023,Tuesday,May,May,5,2,2023
20230517,17-05-2023,Wednesday,May,May,5,2,2023
20230518,18-05-2023,Thursday,May,May,5,2,2023
20230519,19-05-2023,Friday,May,May,5,2,2023
20230520,20-05-2023,Saturday,May,May,5,2,2023
20230521,21-05-2023,Sunday,May,May,5,2,2023
20230522,22-05-2023,Monday,May,May,5,2,2023
20230523,23-05-2023,Tuesday,May,May,5,2,2023
20230524,24-05-2023,Wednesday,May,May,5,2,2023
20230525,25-05-2023,Thursday,May,May,5,2,2023
20230526,26-05-2023,Friday,May,May,5,2,2023
20230527,27-05-2023,Saturday,May,May,5,2,2023
20230528,28-05-2023,Sunday,May,May,5,2,2023
20230529,29-05-2023,Monday,May,May,5,2,2023
20230530,30-05-2023,Tuesday,May,May,5,2,2023
20230531,31-05-2023,Wednesday,May,May,5,2,2023
20230601,01-06-2023,Thursday,June,Jun,6,2,2023
20230602,02-06-2023,Friday,June,Jun,6,2,2023
20230603,03-06-2023,Saturday,June,Jun,6,2,2023
20230604,04-06-2023,Sunday,June,Jun,6,2,2023
20230605,05-06-2023,Monday,June,Jun,6,2,2023
20230606,06-06-2023,Tuesday,June,Jun,6,2,2023
20230607,07-06-2023,Wednesday,June,Jun,6,2,2023
20230608,08-06-2023,Thursday,June,Jun,6,2,2023
20230609,09-06-2023,Friday,June,Jun,6,2,2023
20230610,10-06-2023,Saturday,June,Jun,6,2,2023
20230611,11-06-2023,Sunday,June,Jun,6,2,2023
20230612,12-06-2023,Monday,June,Jun,6,2,2023
20230613,13-06-2023,Tuesday,June,Jun,6,2,2023
20230614,14-06-2023,Wednesday,June,Jun,6,2,2023
20230615,15-06-2023,Thursday,June,Jun,6,2,2023
20230616,16-06-2023,Friday,June,Jun,6,2,2023
20230617,17-06-2023,Saturday,June,Jun,6,2,2023
20230618,18-06-2023,Sunday,June,Jun,6,2,2023
20230619,19-06-2023,Monday,June,Jun,6,2,2023
20230620,20-06-2023,Tuesday,June,Jun,6,2,2023
20230621,21-06-2023,Wednesday,June,Jun,6,2,2023
20230622,22-06-2023,Thursday,June,Jun,6,2,2023
20230623,23-06-2023,Friday,June,Jun,6,2,2023
20230624,24-06-2023,Saturday,June,Jun,6,2,2023
20230625,25-06-2023,Sunday,June,Jun,6,2,2023
20230626,26-06-2023,Monday,June,Jun,6,2,2023
20230627,27-06-2023,Tuesday,June,Jun,6,2,2023
20230628,28-06-2023,Wednesday,June,Jun,6,2,2023
20230629,29-06-2023,Thursday,June,Jun,6,2,2023
20230630,30-06-2023,Friday,June,Jun,6,2,2023
20230701,01-07-2023,Saturday,July,Jul,7,3,2023
20230702,02-07-2023,Sunday,July,Jul,7,3,2023
20230703,03-07-2023,Monday,July,Jul,7,3,2023
20230704,04-07-2023,Tuesday,July,Jul,7,3,2023
20230705,05-07-2023,Wednesday,July,Jul,7,3,2023
20230706,06-07-2023,Thursday,July,Jul,7,3,2023
20230707,07-07-2023,Friday,July,Jul,7,3,2023
20230708,08-07-2023,Saturday,July,Jul,7,3,2023
20230709,09-07-2023,Sunday,July,Jul,7,3,2023
20230710,10-07-2023,Monday,July,Jul,7,3,2023
20230711,11-07-2023,Tuesday,July,Jul,7,3,2023
20230712,12-07-2023,Wednesday,July,Jul,7,3,2023
20230713,13-07-2023,Thursday,July,Jul,7,3,2023
20230714,14-07-2023,Friday,July,Jul,7,3,2023
20230715,15-07-2023,Saturday,July,Jul,7,3,2023
20230716,16-07-2023,Sunday,July,Jul,7,3,2023
20230717,17-07-2023,Monday,July,Jul,7,3,2023
20230718,18-07-2023,Tuesday,July,Jul,7,3,2023
20230719,19-07-2023,Wednesday,July,Jul,7,3,2023
20230720,20-07-2023,Thursday,July,Jul,7,3,2023
20230721,21-07-2023,Friday,July,Jul,7,3,2023
20230722,22-07-2023,Saturday,July,Jul,7,3,2023
20230723,23-07-2023,Sunday,July,Jul,7,3,2023
20230724,24-07-2023,Monday,July,Jul,7,3,2023
20230725,25-07-2023,Tuesday,July,Jul,7,3,2023
20230726,26-07-2023,Wednesday,July,Jul,7,3,2023
20230727,27-07-2023,Thursday,July,Jul,7,3,2023
20230728,28-07-2023,Friday,July,Jul,7,3,2023
20230729,29-07-2023,Saturday,July,Jul,7,3,2023
20230730,30-07-2023,Sunday,July,Jul,7,3,2023
20230731,31-07-2023,Monday,July,Jul,7,3,2023
20230801,01-08-2023,Tuesday,August,Aug,8,3,2023
20230802,02-08-2023,Wednesday,August,Aug,8,3,2023
20230803,03-08-2023,Thursday,August,Aug,8,3,2023
20230804,04-08-2023,Friday,August,Aug,8,3,2023
20230805,05-08-2023,Saturday,August,Aug,8,3,2023
20230806,06-08-2023,Sunday,August,Aug,8,3,2023
20230807,07-08-2023,Monday,August,Aug,8,3,2023
20230808,08-08-2023,Tuesday,August,Aug,8,3,2023
20230809,09-08-2023,Wednesday,August,Aug,8,3,2023
20230810,10-08-2023,Thursday,August,Aug,8,3,2023
20230811,11-08-2023,Friday,August,Aug,8,3,2023
20230812,12-08-2023,Saturday,August,Aug,8,3,2023
20230813,13-08-2023,Sunday,August,Aug,8,3,2023
20230814,14-08-2023,Monday,August,Aug,8,3,2023
20230815,15-08-2023,Tuesday,August,Aug,8,3,2023
20230816,16-08-2023,Wednesday,August,Aug,8,3,2023
20230817,17-08-2023,Thursday,August,Aug,8,3,2023
20230818,18-08-2023,Friday,August,Aug,8,3,2023
20230819,19-08-2023,Saturday,August,Aug,8,3,2023
20230820,20-08-2023,Sunday,August,Aug,8,3,2023
20230821,21-08-2023,Monday,August,Aug,8,3,2023
20230822,22-08-2023,Tuesday,August,Aug,8,3,2023
20230823,23-08-2023,Wednesday,August,Aug,8,3,2023
20230824,24-08-2023,Thursday,August,Aug,8,3,2023
20230825,25-08-2023,Friday,August,Aug,8,3,2023
20230826,26-08-2023,Saturday,August,Aug,8,3,2023
20230827,27-08-2023,Sunday,August,Aug,8,3,2023
20230828,28-08-2023,Monday,August,Aug,8,3,2023
20230829,29-08-2023,Tuesday,August,Aug,8,3,2023
20230830,30-08-2023,Wednesday,August,Aug,8,3,2023
20230831,31-08-2023,Thursday,August,Aug,8,3,2023
20230901,01-09-2023,Friday,September,Sep,9,3,2023
20230902,02-09-2023,Saturday,September,Sep,9,3,2023
20230903,03-09-2023,Sunday,September,Sep,9,3,2023
20230904,04-09-2023,Monday,September,Sep,9,3,2023
20230905,05-09-2023,Tuesday,September,Sep,9,3,2023
20230906,06-09-2023,Wednesday,September,Sep,9,3,2023
20230907,07-09-2023,Thursday,September,Sep,9,3,2023
20230908,08-09-2023,Friday,September,Sep,9,3,2023
20230909,09-09-2023,Saturday,September,Sep,9,3,2023
20230910,10-09-2023,Sunday,September,Sep,9,3,2023
20230911,11-09-2023,Monday,September,Sep,9,3,2023
20230912,12-09-2023,Tuesday,September,Sep,9,3,2023
20230913,13-09-2023,Wednesday,September,Sep,9,3,2023
20230914,14-09-2023,Thursday,September,Sep,9,3,2023
20230915,15-09-2023,Friday,September,Sep,9,3,2023
20230916,16-09-2023,Saturday,September,Sep,9,3,2023
20230917,17-09-2023,Sunday,September,Sep,9,3,2023
20230918,18-09-2023,Monday,September,Sep,9,3,2023
20230919,19-09-2023,Tuesday,September,Sep,9,3,2023
20230920,20-09-2023,Wednesday,September,Sep,9,3,2023
20230921,21-09-2023,Thursday,September,Sep,9,3,2023
20230922,22-09-2023,Friday,September,Sep,9,3,2023
20230923,23-09-2023,Saturday,September,Sep,9,3,2023
20230924,24-09-2023,Sunday,September,Sep,9,3,2023
20230925,25-09-2023,Monday,September,Sep,9,3,2023
20230926,26-09-2023,Tuesday,September,Sep,9,3,2023
20230927,27-09-2023,Wednesday,September,Sep,9,3,2023
20230928,28-09-2023,Thursday,September,Sep,9,3,2023
20230929,29-09-2023,Friday,September,Sep,9,3,2023
20230930,30-09-2023,Saturday,September,Sep,9,3,2023
20231001,01-10-2023,Sunday,October,Oct,10,4,2023
20231002,02-10-2023,Monday,October,Oct,10,4,2023
20231003,03-10-2023,Tuesday,October,Oct,10,4,2023
20231004,04-10-2023,Wednesday,October,Oct,10,4,2023
20231005,05-10-2023,Thursday,October,Oct,10,4,2023
20231006,06-10-2023,Friday,October,Oct,10,4,2023
20231007,07-10-2023,Saturday,October,Oct,10,4,2023
20231008,08-10-2023,Sunday,October,Oct,10,4,2023
20231009,09-10-2023,Monday,October,Oct,10,4,2023
20231010,10-10-2023,Tuesday,October,Oct,10,4,2023
20231011,11-10-2023,Wednesday,October,Oct,10,4,2023
20231012,12-10-2023,Thursday,October,Oct,10,4,2023
20231013,13-10-2023,Friday,October,Oct,10,4,2023
20231014,14-10-2023,Saturday,October,Oct,10,4,2023
20231015,15-10-2023,Sunday,October,Oct,10,4,2023
20231016,16-10-2023,Monday,October,Oct,10,4,2023
20231017,17-10-2023,Tuesday,October,Oct,10,4,2023
20231018,18-10-2023,Wednesday,October,Oct,10,4,2023
20231019,19-10-2023,Thursday,October,Oct,10,4,2023
20231020,20-10-2023,Friday,October,Oct,10,4,2023
20231021,21-10-2023,Saturday,October,Oct,10,4,2023
20231022,22-10-2023,Sunday,October,Oct,10,4,2023
20231023,23-10-2023,Monday,October,Oct,10,4,2023
20231024,24-10-2023,Tuesday,October,Oct,10,4,2023
20231025,25-10-2023,Wednesday,October,Oct,10,4,2023
20231026,26-10-2023,Thursday,October,Oct,10,4,2023
20231027,27-10-2023,Friday,October,Oct,10,4,2023
20231028,28-10-2023,Saturday,October,Oct,10,4,2023
20231029,29-10-2023,Sunday,October,Oct,10,4,2023
20231030,30-10-2023,Monday,October,Oct,10,4,2023
20231031,31-10-2023,Tuesday,October,Oct,10,4,2023
20231101,01-11-2023,Wednesday,November,Nov,11,4,2023
20231102,02-11-2023,Thursday,November,Nov,11,4,2023
20231103,03-11-2023,Friday,November,Nov,11,4,2023
20231104,04-11-2023,Saturday,November,Nov,11,4,2023
20231105,05-11-2023,Sunday,November,Nov,11,4,2023
20231106,06-11-2023,Monday,November,Nov,11,4,2023
20231107,07-11-2023,Tuesday,November,Nov,11,4,2023
20231108,08-11-2023,Wednesday,November,Nov,11,4,2023
20231109,09-11-2023,Thursday,November,Nov,11,4,2023
20231110,10-11-2023,Friday,November,Nov,11,4,2023
20231111,11-11-2023,Saturday,November,Nov,11,4,2023
20231112,12-11-2023,Sunday,November,Nov,11,4,2023
20231113,13-11-2023,Monday,November,Nov,11,4,2023
20231114,14-11-2023,Tuesday,November,Nov,11,4,2023
20231115,15-11-2023,Wednesday,November,Nov,11,4,2023
20231116,16-11-2023,Thursday,November,Nov,11,4,2023
20231117,17-11-2023,Friday,November,Nov,11,4,2023
20231118,18-11-2023,Saturday,November,Nov,11,4,2023
20231119,19-11-2023,Sunday,November,Nov,11,4,2023
20231120,20-11-2023,Monday,November,Nov,11,4,2023
20231121,21-11-2023,Tuesday,November,Nov,11,4,2023
20231122,22-11-2023,Wednesday,November,Nov,11,4,2023
20231123,23-11-2023,Thursday,November,Nov,11,4,2023
20231124,24-11-2023,Friday,November,Nov,11,4,2023
20231125,25-11-2023,Saturday,November,Nov,11,4,2023
20231126,26-11-2023,Sunday,November,Nov,11,4,2023
20231127,27-11-2023,Monday,November,Nov,11,4,2023
20231128,28-11-2023,Tuesday,November,Nov,11,4,2023
20231129,29-11-2023,Wednesday,November,Nov,11,4,2023
20231130,30-11-2023,Thursday,November,Nov,11,4,2023
20231201,01-12-2023,Friday,December,Dec,12,4,2023
20231202,02-12-2023,Saturday,December,Dec,12,4,2023
20231203,03-12-2023,Sunday,December,Dec,12,4,2023
20231204,04-12-2023,Monday,December,Dec,12,4,2023
20231205,05-12-2023,Tuesday,December,Dec,12,4,2023
20231206,06-12-2023,Wednesday,December,Dec,12,4,2023
20231207,07-12-2023,Thursday,December,Dec,12,4,2023
20231208,08-12-2023,Friday,December,Dec,12,4,2023
20231209,09-12-2023,Saturday,December,Dec,12,4,2023
20231210,10-12-2023,Sunday,December,Dec,12,4,2023
20231211,11-12-2023,Monday,December,Dec,12,4,2023
20231212,12-12-2023,Tuesday,December,Dec,12,4,2023
20231213,13-12-2023,Wednesday,December,Dec,12,4,2023
20231214,14-12-2023,Thursday,December,Dec,12,4,2023
20231215,15-12-2023,Friday,December,Dec,12,4,2023
20231216,16-12-2023,Saturday,December,Dec,12,4,2023
20231217,17-12-2023,Sunday,December,Dec,12,4,2023
20231218,18-12-2023,Monday,December,Dec,12,4,2023
20231219,19-12-2023,Tuesday,December,Dec,12,4,2023
20231220,20-12-2023,Wednesday,December,Dec,12,4,2023
20231221,21-12-2023,Thursday,December,Dec,12,4,2023
20231222,22-12-2023,Friday,December,Dec,12,4,2023
20231223,23-12-2023,Saturday,December,Dec,12,4,2023
20231224,24-12-2023,Sunday,December,Dec,12,4,2023
20231225,25-12-2023,Monday,December,Dec,12,4,2023
20231226,26-12-2023,Tuesday,December,Dec,12,4,2023
20231227,27-12-2023,Wednesday,December,Dec,12,4,2023
20231228,28-12-2023,Thursday,December,Dec,12,4,2023
20231229,29-12-2023,Friday,December,Dec,12,4,2023
20231230,30-12-2023,Saturday,December,Dec,12,4,2023
20231231,31-12-2023,Sunday,December,Dec,12,4,2023
20240101,01-01-2024,Monday,January,Jan,1,1,2024
20240102,02-01-2024,Tuesday,January,Jan,1,1,2024
20240103,03-01-2024,Wednesday,January,Jan,1,1,2024
20240104,04-01-2024,Thursday,January,Jan,1,1,2024
20240105,05-01-2024,Friday,January,Jan,1,1,2024
20240106,06-01-2024,Saturday,January,Jan,1,1,2024
20240107,07-01-2024,Sunday,January,Jan,1,1,2024
20240108,08-01-2024,Monday,January,Jan,1,1,2024
20240109,09-01-2024,Tuesday,January,Jan,1,1,2024
20240110,10-01-2024,Wednesday,January,Jan,1,1,2024
20240111,11-01-2024,Thursday,January,Jan,1,1,2024
20240112,12-01-2024,Friday,January,Jan,1,1,2024
20240113,13-01-2024,Saturday,January,Jan,1,1,2024
20240114,14-01-2024,Sunday,January,Jan,1,1,2024
20240115,15-01-2024,Monday,January,Jan,1,1,2024
20240116,16-01-2024,Tuesday,January,Jan,1,1,2024
20240117,17-01-2024,Wednesday,January,Jan,1,1,2024
20240118,18-01-2024,Thursday,January,Jan,1,1,2024
20240119,19-01-2024,Friday,January,Jan,1,1,2024
20240120,20-01-2024,Saturday,January,Jan,1,1,2024
20240121,21-01-2024,Sunday,January,Jan,1,1,2024
20240122,22-01-2024,Monday,January,Jan,1,1,2024
20240123,23-01-2024,Tuesday,January,Jan,1,1,2024
20240124,24-01-2024,Wednesday,January,Jan,1,1,2024
20240125,25-01-2024,Thursday,January,Jan,1,1,2024
20240126,26-01-2024,Friday,January,Jan,1,1,2024
20240127,27-01-2024,Saturday,January,Jan,1,1,2024
20240128,28-01-2024,Sunday,January,Jan,1,1,2024
20240129,29-01-2024,Monday,January,Jan,1,1,2024
20240130,30-01-2024,Tuesday,January,Jan,1,1,2024
20240131,31-01-2024,Wednesday,January,Jan,1,1,2024
20240201,01-02-2024,Thursday,February,Feb,2,1,2024
20240202,02-02-2024,Friday,February,Feb,2,1,2024
20240203,03-02-2024,Saturday,February,Feb,2,1,2024
20240204,04-02-2024,Sunday,February,Feb,2,1,2024
20240205,05-02-2024,Monday,February,Feb,2,1,2024
20240206,06-02-2024,Tuesday,February,Feb,2,1,2024
20240207,07-02-2024,Wednesday,February,Feb,2,1,2024
20240208,08-02-2024,Thursday,February,Feb,2,1,2024
20240209,09-02-2024,Friday,February,Feb,2,1,2024
20240210,10-02-2024,Saturday,February,Feb,2,1,2024
20240211,11-02-2024,Sunday,February,Feb,2,1,2024
20240212,12-02-2024,Monday,February,Feb,2,1,2024
20240213,13-02-2024,Tuesday,February,Feb,2,1,2024
20240214,14-02-2024,Wednesday,February,Feb,2,1,2024
20240215,15-02-2024,Thursday,February,Feb,2,1,2024
20240216,16-02-2024,Friday,February,Feb,2,1,2024
20240217,17-02-2024,Saturday,February,Feb,2,1,2024
20240218,18-02-2024,Sunday,February,Feb,2,1,2024
20240219,19-02-2024,Monday,February,Feb,2,1,2024
20240220,20-02-2024,Tuesday,February,Feb,2,1,2024
20240221,21-02-2024,Wednesday,February,Feb,2,1,2024
20240222,22-02-2024,Thursday,February,Feb,2,1,2024
20240223,23-02-2024,Friday,February,Feb,2,1,2024
20240224,24-02-2024,Saturday,February,Feb,2,1,2024
20240225,25-02-2024,Sunday,February,Feb,2,1,2024
20240226,26-02-2024,Monday,February,Feb,2,1,2024
20240227,27-02-2024,Tuesday,February,Feb,2,1,2024
20240228,28-02-2024,Wednesday,February,Feb,2,1,2024
20240229,29-02-2024,Thursday,February,Feb,2,1,2024
20240301,01-03-2024,Friday,March,Mar,3,1,2024
20240302,02-03-2024,Saturday,March,Mar,3,1,2024
20240303,03-03-2024,Sunday,March,Mar,3,1,2024
20240304,04-03-2024,Monday,March,Mar,3,1,2024
20240305,05-03-2024,Tuesday,March,Mar,3,1,2024
20240306,06-03-2024,Wednesday,March,Mar,3,1,2024
20240307,07-03-2024,Thursday,March,Mar,3,1,2024
20240308,08-03-2024,Friday,March,Mar,3,1,2024
20240309,09-03-2024,Saturday,March,Mar,3,1,2024
20240310,10-03-2024,Sunday,March,Mar,3,1,2024
20240311,11-03-2024,Monday,March,Mar,3,1,2024
20240312,12-03-2024,Tuesday,March,Mar,3,1,2024
20240313,13-03-2024,Wednesday,March,Mar,3,1,2024
20240314,14-03-2024,Thursday,March,Mar,3,1,2024
20240315,15-03-2024,Friday,March,Mar,3,1,2024
20240316,16-03-2024,Saturday,March,Mar,3,1,2024
20240317,17-03-2024,Sunday,March,Mar,3,1,2024
20240318,18-03-2024,Monday,March,Mar,3,1,2024
20240319,19-03-2024,Tuesday,March,Mar,3,1,2024
20240320,20-03-2024,Wednesday,March,Mar,3,1,2024
20240321,21-03-2024,Thursday,March,Mar,3,1,2024
20240322,22-03-2024,Friday,March,Mar,3,1,2024
20240323,23-03-2024,Saturday,March,Mar,3,1,2024
20240324,24-03-2024,Sunday,March,Mar,3,1,2024
20240325,25-03-2024,Monday,March,Mar,3,1,2024
20240326,26-03-2024,Tuesday,March,Mar,3,1,2024
20240327,27-03-2024,Wednesday,March,Mar,3,1,2024
20240328,28-03-2024,Thursday,March,Mar,3,1,2024
20240329,29-03-2024,Friday,March,Mar,3,1,2024
20240330,30-03-2024,Saturday,March,Mar,3,1,2024
20240331,31-03-2024,Sunday,March,Mar,3,1,2024
20240401,01-04-2024,Monday,April,Apr,4,2,2024
20240402,02-04-2024,Tuesday,April,Apr,4,2,2024
20240403,03-04-2024,Wednesday,April,Apr,4,2,2024
20240404,04-04-2024,Thursday,April,Apr,4,2,2024
20240405,05-04-2024,Friday,April,Apr,4,2,2024
20240406,06-04-2024,Saturday,April,Apr,4,2,2024
20240407,07-04-2024,Sunday,April,Apr,4,2,2024
20240408,08-04-2024,Monday,April,Apr,4,2,2024
20240409,09-04-2024,Tuesday,April,Apr,4,2,2024
20240410,10-04-2024,Wednesday,April,Apr,4,2,2024
20240411,11-04-2024,Thursday,April,Apr,4,2,2024
20240412,12-04-2024,Friday,April,Apr,4,2,2024
20240413,13-04-2024,Saturday,April,Apr,4,2,2024
20240414,14-04-2024,Sunday,April,Apr,4,2,2024
20240415,15-04-2024,Monday,April,Apr,4,2,2024
20240416,16-04-2024,Tuesday,April,Apr,4,2,2024
20240417,17-04-2024,Wednesday,April,Apr,4,2,2024
20240418,18-04-2024,Thursday,April,Apr,4,2,2024
20240419,19-04-2024,Friday,April,Apr,4,2,2024
20240420,20-04-2024,Saturday,April,Apr,4,2,2024
20240421,21-04-2024,Sunday,April,Apr,4,2,2024
20240422,22-04-2024,Monday,April,Apr,4,2,2024
20240423,23-04-2024,Tuesday,April,Apr,4,2,2024
20240424,24-04-2024,Wednesday,April,Apr,4,2,2024
20240425,25-04-2024,Thursday,April,Apr,4,2,2024
20240426,26-04-2024,Friday,April,Apr,4,2,2024
20240427,27-04-2024,Saturday,April,Apr,4,2,2024
20240428,28-04-2024,Sunday,April,Apr,4,2,2024
20240429,29-04-2024,Monday,April,Apr,4,2,2024
20240430,30-04-2024,Tuesday,April,Apr,4,2,2024
20240501,01-05-2024,Wednesday,May,May,5,2,2024
20240502,02-05-2024,Thursday,May,May,5,2,2024
20240503,03-05-2024,Friday,May,May,5,2,2024
20240504,04-05-2024,Saturday,May,May,5,2,2024
20240505,05-05-2024,Sunday,May,May,5,2,2024
20240506,06-05-2024,Monday,May,May,5,2,2024
20240507,07-05-2024,Tuesday,May,May,5,2,2024
20240508,08-05-2024,Wednesday,May,May,5,2,2024
20240509,09-05-2024,Thursday,May,May,5,2,2024
20240510,10-05-2024,Friday,May,May,5,2,2024
20240511,11-05-2024,Saturday,May,May,5,2,2024
20240512,12-05-2024,Sunday,May,May,5,2,2024
20240513,13-05-2024,Monday,May,May,5,2,2024
20240514,14-05-2024,Tuesday,May,May,5,2,2024
20240515,15-05-2024,Wednesday,May,May,5,2,2024
20240516,16-05-2024,Thursday,May,May,5,2,2024
20240517,17-05-2024,Friday,May,May,5,2,2024
20240518,18-05-2024,Saturday,May,May,5,2,2024
20240519,19-05-2024,Sunday,May,May,5,2,2024
20240520,20-05-2024,Monday,May,May,5,2,2024
20240521,21-05-2024,Tuesday,May,May,5,2,2024
20240522,22-05-2024,Wednesday,May,May,5,2,2024
20240523,23-05-2024,Thursday,May,May,5,2,2024
20240524,24-05-2024,Friday,May,May,5,2,2024
20240525,25-05-2024,Saturday,May,May,5,2,2024
20240526,26-05-2024,Sunday,May,May,5,2,2024
20240527,27-05-2024,Monday,May,May,5,2,2024
20240528,28-05-2024,Tuesday,May,May,5,2,2024
20240529,29-05-2024,Wednesday,May,May,5,2,2024
20240530,30-05-2024,Thursday,May,May,5,2,2024
20240531,31-05-2024,Friday,May,May,5,2,2024
20240601,01-06-2024,Saturday,June,Jun,6,2,2024
20240602,02-06-2024,Sunday,June,Jun,6,2,2024
20240603,03-06-2024,Monday,June,Jun,6,2,2024
20240604,04-06-2024,Tuesday,June,Jun,6,2,2024
20240605,05-06-2024,Wednesday,June,Jun,6,2,2024
20240606,06-06-2024,Thursday,June,Jun,6,2,2024
20240607,07-06-2024,Friday,June,Jun,6,2,2024
20240608,08-06-2024,Saturday,June,Jun,6,2,2024
20240609,09-06-2024,Sunday,June,Jun,6,2,2024
20240610,10-06-2024,Monday,June,Jun,6,2,2024
20240611,11-06-2024,Tuesday,June,Jun,6,2,2024
20240612,12-06-2024,Wednesday,June,Jun,6,2,2024
20240613,13-06-2024,Thursday,June,Jun,6,2,2024
20240614,14-06-2024,Friday,June,Jun,6,2,2024
20240615,15-06-2024,Saturday,June,Jun,6,2,2024
20240616,16-06-2024,Sunday,June,Jun,6,2,2024
20240617,17-06-2024,Monday,June,Jun,6,2,2024
20240618,18-06-2024,Tuesday,June,Jun,6,2,2024
20240619,19-06-2024,Wednesday,June,Jun,6,2,2024
20240620,20-06-2024,Thursday,June,Jun,6,2,2024
20240621,21-06-2024,Friday,June,Jun,6,2,2024
20240622,22-06-2024,Saturday,June,Jun,6,2,2024
20240623,23-06-2024,Sunday,June,Jun,6,2,2024
20240624,24-06-2024,Monday,June,Jun,6,2,2024
20240625,25-06-2024,Tuesday,June,Jun,6,2,2024
20240626,26-06-2024,Wednesday,June,Jun,6,2,2024
20240627,27-06-2024,Thursday,June,Jun,6,2,2024
20240628,28-06-2024,Friday,June,Jun,6,2,2024
20240629,29-06-2024,Saturday,June,Jun,6,2,2024
20240630,30-06-2024,Sunday,June,Jun,6,2,2024
20240701,01-07-2024,Monday,July,Jul,7,3,2024
20240702,02-07-2024,Tuesday,July,Jul,7,3,2024
20240703,03-07-2024,Wednesday,July,Jul,7,3,2024
20240704,04-07-2024,Thursday,July,Jul,7,3,2024
20240705,05-07-2024,Friday,July,Jul,7,3,2024
20240706,06-07-2024,Saturday,July,Jul,7,3,2024
20240707,07-07-2024,Sunday,July,Jul,7,3,2024
20240708,08-07-2024,Monday,July,Jul,7,3,2024
20240709,09-07-2024,Tuesday,July,Jul,7,3,2024
20240710,10-07-2024,Wednesday,July,Jul,7,3,2024
20240711,11-07-2024,Thursday,July,Jul,7,3,2024
20240712,12-07-2024,Friday,July,Jul,7,3,2024
20240713,13-07-2024,Saturday,July,Jul,7,3,2024
20240714,14-07-2024,Sunday,July,Jul,7,3,2024
20240715,15-07-2024,Monday,July,Jul,7,3,2024
20240716,16-07-2024,Tuesday,July,Jul,7,3,2024
20240717,17-07-2024,Wednesday,July,Jul,7,3,2024
20240718,18-07-2024,Thursday,July,Jul,7,3,2024
20240719,19-07-2024,Friday,July,Jul,7,3,2024
20240720,20-07-2024,Saturday,July,Jul,7,3,2024
20240721,21-07-2024,Sunday,July,Jul,7,3,2024
20240722,22-07-2024,Monday,July,Jul,7,3,2024
20240723,23-07-2024,Tuesday,July,Jul,7,3,2024
20240724,24-07-2024,Wednesday,July,Jul,7,3,2024
20240725,25-07-2024,Thursday,July,Jul,7,3,2024
20240726,26-07-2024,Friday,July,Jul,7,3,2024
20240727,27-07-2024,Saturday,July,Jul,7,3,2024
20240728,28-07-2024,Sunday,July,Jul,7,3,2024
20240729,29-07-2024,Monday,July,Jul,7,3,2024
20240730,30-07-2024,Tuesday,July,Jul,7,3,2024
20240731,31-07-2024,Wednesday,July,Jul,7,3,2024
20240801,01-08-2024,Thursday,August,Aug,8,3,2024
20240802,02-08-2024,Friday,August,Aug,8,3,2024
20240803,03-08-2024,Saturday,August,Aug,8,3,2024
20240804,04-08-2024,Sunday,August,Aug,8,3,2024
20240805,05-08-2024,Monday,August,Aug,8,3,2024
20240806,06-08-2024,Tuesday,August,Aug,8,3,2024
20240807,07-08-2024,Wednesday,August,Aug,8,3,2024
20240808,08-08-2024,Thursday,August,Aug,8,3,2024
20240809,09-08-2024,Friday,August,Aug,8,3,2024
20240810,10-08-2024,Saturday,August,Aug,8,3,2024
20240811,11-08-2024,Sunday,August,Aug,8,3,2024
20240812,12-08-2024,Monday,August,Aug,8,3,2024
20240813,13-08-2024,Tuesday,August,Aug,8,3,2024
20240814,14-08-2024,Wednesday,August,Aug,8,3,2024
20240815,15-08-2024,Thursday,August,Aug,8,3,2024
20240816,16-08-2024,Friday,August,Aug,8,3,2024
20240817,17-08-2024,Saturday,August,Aug,8,3,2024
20240818,18-08-2024,Sunday,August,Aug,8,3,2024
20240819,19-08-2024,Monday,August,Aug,8,3,2024
20240820,20-08-2024,Tuesday,August,Aug,8,3,2024
20240821,21-08-2024,Wednesday,August,Aug,8,3,2024
20240822,22-08-2024,Thursday,August,Aug,8,3,2024
20240823,23-08-2024,Friday,August,Aug,8,3,2024
20240824,24-08-2024,Saturday,August,Aug,8,3,2024
20240825,25-08-2024,Sunday,August,Aug,8,3,2024
20240826,26-08-2024,Monday,August,Aug,8,3,2024
20240827,27-08-2024,Tuesday,August,Aug,8,3,2024
20240828,28-08-2024,Wednesday,August,Aug,8,3,2024
20240829,29-08-2024,Thursday,August,Aug,8,3,2024
20240830,30-08-2024,Friday,August,Aug,8,3,2024
20240831,31-08-2024,Saturday,August,Aug,8,3,2024
20240901,01-09-2024,Sunday,September,Sep,9,3,2024
20240902,02-09-2024,Monday,September,Sep,9,3,2024
20240903,03-09-2024,Tuesday,September,Sep,9,3,2024
20240904,04-09-2024,Wednesday,September,Sep,9,3,2024
20240905,05-09-2024,Thursday,September,Sep,9,3,2024
20240906,06-09-2024,Friday,September,Sep,9,3,2024
20240907,07-09-2024,Saturday,September,Sep,9,3,2024
20240908,08-09-2024,Sunday,September,Sep,9,3,2024
20240909,09-09-2024,Monday,September,Sep,9,3,2024
20240910,10-09-2024,Tuesday,September,Sep,9,3,2024
20240911,11-09-2024,Wednesday,September,Sep,9,3,2024
20240912,12-09-2024,Thursday,September,Sep,9,3,2024
20240913,13-09-2024,Friday,September,Sep,9,3,2024
20240914,14-09-2024,Saturday,September,Sep,9,3,2024
20240915,15-09-2024,Sunday,September,Sep,9,3,2024
20240916,16-09-2024,Monday,September,Sep,9,3,2024
20240917,17-09-2024,Tuesday,September,Sep,9,3,2024
20240918,18-09-2024,Wednesday,September,Sep,9,3,2024
20240919,19-09-2024,Thursday,September,Sep,9,3,2024
20240920,20-09-2024,Friday,September,Sep,9,3,2024
20240921,21-09-2024,Saturday,September,Sep,9,3,2024
20240922,22-09-2024,Sunday,September,Sep,9,3,2024
20240923,23-09-2024,Monday,September,Sep,9,3,2024
20240924,24-09-2024,Tuesday,September,Sep,9,3,2024
20240925,25-09-2024,Wednesday,September,Sep,9,3,2024
20240926,26-09-2024,Thursday,September,Sep,9,3,2024
20240927,27-09-2024,Friday,September,Sep,9,3,2024
20240928,28-09-2024,Saturday,September,Sep,9,3,2024
20240929,29-09-2024,Sunday,September,Sep,9,3,2024
20240930,30-09-2024,Monday,September,Sep,9,3,2024
20241001,01-10-2024,Tuesday,October,Oct,10,4,2024
20241002,02-10-2024,Wednesday,October,Oct,10,4,2024
20241003,03-10-2024,Thursday,October,Oct,10,4,2024
20241004,04-10-2024,Friday,October,Oct,10,4,2024
20241005,05-10-2024,Saturday,October,Oct,10,4,2024
20241006,06-10-2024,Sunday,October,Oct,10,4,2024
20241007,07-10-2024,Monday,October,Oct,10,4,2024
20241008,08-10-2024,Tuesday,October,Oct,10,4,2024
20241009,09-10-2024,Wednesday,October,Oct,10,4,2024
20241010,10-10-2024,Thursday,October,Oct,10,4,2024
20241011,11-10-2024,Friday,October,Oct,10,4,2024
20241012,12-10-2024,Saturday,October,Oct,10,4,2024
20241013,13-10-2024,Sunday,October,Oct,10,4,2024
20241014,14-10-2024,Monday,October,Oct,10,4,2024
20241015,15-10-2024,Tuesday,October,Oct,10,4,2024
20241016,16-10-2024,Wednesday,October,Oct,10,4,2024
20241017,17-10-2024,Thursday,October,Oct,10,4,2024
20241018,18-10-2024,Friday,October,Oct,10,4,2024
20241019,19-10-2024,Saturday,October,Oct,10,4,2024
20241020,20-10-2024,Sunday,October,Oct,10,4,2024
20241021,21-10-2024,Monday,October,Oct,10,4,2024
20241022,22-10-2024,Tuesday,October,Oct,10,4,2024
20241023,23-10-2024,Wednesday,October,Oct,10,4,2024
20241024,24-10-2024,Thursday,October,Oct,10,4,2024
20241025,25-10-2024,Friday,October,Oct,10,4,2024
20241026,26-10-2024,Saturday,October,Oct,10,4,2024
20241027,27-10-2024,Sunday,October,Oct,10,4,2024
20241028,28-10-2024,Monday,October,Oct,10,4,2024
20241029,29-10-2024,Tuesday,October,Oct,10,4,2024
20241030,30-10-2024,Wednesday,October,Oct,10,4,2024
20241031,31-10-2024,Thursday,October,Oct,10,4,2024
20241101,01-11-2024,Friday,November,Nov,11,4,2024
20241102,02-11-2024,Saturday,November,Nov,11,4,2024
20241103,03-11-2024,Sunday,November,Nov,11,4,2024
20241104,04-11-2024,Monday,November,Nov,11,4,2024
20241105,05-11-2024,Tuesday,November,Nov,11,4,2024
20241106,06-11-2024,Wednesday,November,Nov,11,4,2024
20241107,07-11-2024,Thursday,November,Nov,11,4,2024
20241108,08-11-2024,Friday,November,Nov,11,4,2024
20241109,09-11-2024,Saturday,November,Nov,11,4,2024
20241110,10-11-2024,Sunday,November,Nov,11,4,2024
20241111,11-11-2024,Monday,November,Nov,11,4,2024
20241112,12-11-2024,Tuesday,November,Nov,11,4,2024
20241113,13-11-2024,Wednesday,November,Nov,11,4,2024
20241114,14-11-2024,Thursday,November,Nov,11,4,2024
20241115,15-11-2024,Friday,November,Nov,11,4,2024
20241116,16-11-2024,Saturday,November,Nov,11,4,2024
20241117,17-11-2024,Sunday,November,Nov,11,4,2024
20241118,18-11-2024,Monday,November,Nov,11,4,2024
20241119,19-11-2024,Tuesday,November,Nov,11,4,2024
20241120,20-11-2024,Wednesday,November,Nov,11,4,2024
20241121,21-11-2024,Thursday,November,Nov,11,4,2024
20241122,22-11-2024,Friday,November,Nov,11,4,2024
20241123,23-11-2024,Saturday,November,Nov,11,4,2024
20241124,24-11-2024,Sunday,November,Nov,11,4,2024
20241125,25-11-2024,Monday,November,Nov,11,4,2024
20241126,26-11-2024,Tuesday,November,Nov,11,4,2024
20241127,27-11-2024,Wednesday,November,Nov,11,4,2024
20241128,28-11-2024,Thursday,November,Nov,11,4,2024
20241129,29-11-2024,Friday,November,Nov,11,4,2024
20241130,30-11-2024,Saturday,November,Nov,11,4,2024
20241201,01-12-2024,Sunday,December,Dec,12,4,2024
20241202,02-12-2024,Monday,December,Dec,12,4,2024
20241203,03-12-2024,Tuesday,December,Dec,12,4,2024
20241204,04-12-2024,Wednesday,December,Dec,12,4,2024
20241205,05-12-2024,Thursday,December,Dec,12,4,2024
20241206,06-12-2024,Friday,December,Dec,12,4,2024
20241207,07-12-2024,Saturday,December,Dec,12,4,2024
20241208,08-12-2024,Sunday,December,Dec,12,4,2024
20241209,09-12-2024,Monday,December,Dec,12,4,2024
20241210,10-12-2024,Tuesday,December,Dec,12,4,2024
20241211,11-12-2024,Wednesday,December,Dec,12,4,2024
20241212,12-12-2024,Thursday,December,Dec,12,4,2024
20241213,13-12-2024,Friday,December,Dec,12,4,2024
20241214,14-12-2024,Saturday,December,Dec,12,4,2024
20241215,15-12-2024,Sunday,December,Dec,12,4,2024
20241216,16-12-2024,Monday,December,Dec,12,4,2024
20241217,17-12-2024,Tuesday,December,Dec,12,4,2024
20241218,18-12-2024,Wednesday,December,Dec,12,4,2024
20241219,19-12-2024,Thursday,December,Dec,12,4,2024
20241220,20-12-2024,Friday,December,Dec,12,4,2024
20241221,21-12-2024,Saturday,December,Dec,12,4,2024
20241222,22-12-2024,Sunday,December,Dec,12,4,2024
20241223,23-12-2024,Monday,December,Dec,12,4,2024
20241224,24-12-2024,Tuesday,December,Dec,12,4,2024
20241225,25-12-2024,Wednesday,December,Dec,12,4,2024
20241226,26-12-2024,Thursday,December,Dec,12,4,2024
20241227,27-12-2024,Friday,December,Dec,12,4,2024
20241228,28-12-2024,Saturday,December,Dec,12,4,2024
20241229,29-12-2024,Sunday,December,Dec,12,4,2024
20241230,30-12-2024,Monday,December,Dec,12,4,2024
20241231,31-12-2024,Tuesday,December,Dec,12,4,2024
20250101,01-01-2025,Wednesday,January,Jan,1,1,2025
20250102,02-01-2025,Thursday,January,Jan,1,1,2025
20250103,03-01-2025,Friday,January,Jan,1,1,2025
20250104,04-01-2025,Saturday,January,Jan,1,1,2025
20250105,05-01-2025,Sunday,January,Jan,1,1,2025
20250106,06-01-2025,Monday,January,Jan,1,1,2025
20250107,07-01-2025,Tuesday,January,Jan,1,1,2025
20250108,08-01-2025,Wednesday,January,Jan,1,1,2025
20250109,09-01-2025,Thursday,January,Jan,1,1,2025
20250110,10-01-2025,Friday,January,Jan,1,1,2025
20250111,11-01-2025,Saturday,January,Jan,1,1,2025
20250112,12-01-2025,Sunday,January,Jan,1,1,2025
20250113,13-01-2025,Monday,January,Jan,1,1,2025
20250114,14-01-2025,Tuesday,January,Jan,1,1,2025
20250115,15-01-2025,Wednesday,January,Jan,1,1,2025
20250116,16-01-2025,Thursday,January,Jan,1,1,2025
20250117,17-01-2025,Friday,January,Jan,1,1,2025
20250118,18-01-2025,Saturday,January,Jan,1,1,2025
20250119,19-01-2025,Sunday,January,Jan,1,1,2025
20250120,20-01-2025,Monday,January,Jan,1,1,2025
20250121,21-01-2025,Tuesday,January,Jan,1,1,2025
20250122,22-01-2025,Wednesday,January,Jan,1,1,2025
20250123,23-01-2025,Thursday,January,Jan,1,1,2025
20250124,24-01-2025,Friday,January,Jan,1,1,2025
20250125,25-01-2025,Saturday,January,Jan,1,1,2025
20250126,26-01-2025,Sunday,January,Jan,1,1,2025
20250127,27-01-2025,Monday,January,Jan,1,1,2025
20250128,28-01-2025,Tuesday,January,Jan,1,1,2025
20250129,29-01-2025,Wednesday,January,Jan,1,1,2025
20250130,30-01-2025,Thursday,January,Jan,1,1,2025
20250131,31-01-2025,Friday,January,Jan,1,1,2025
20250201,01-02-2025,Saturday,February,Feb,2,1,2025
20250202,02-02-2025,Sunday,February,Feb,2,1,2025
20250203,03-02-2025,Monday,February,Feb,2,1,2025
20250204,04-02-2025,Tuesday,February,Feb,2,1,2025
20250205,05-02-2025,Wednesday,February,Feb,2,1,2025
20250206,06-02-2025,Thursday,February,Feb,2,1,2025
20250207,07-02-2025,Friday,February,Feb,2,1,2025
20250208,08-02-2025,Saturday,February,Feb,2,1,2025
20250209,09-02-2025,Sunday,February,Feb,2,1,2025
20250210,10-02-2025,Monday,February,Feb,2,1,2025
20250211,11-02-2025,Tuesday,February,Feb,2,1,2025
20250212,12-02-2025,Wednesday,February,Feb,2,1,2025
20250213,13-02-2025,Thursday,February,Feb,2,1,2025
20250214,14-02-2025,Friday,February,Feb,2,1,2025
20250215,15-02-2025,Saturday,February,Feb,2,1,2025
20250216,16-02-2025,Sunday,February,Feb,2,1,2025
20250217,17-02-2025,Monday,February,Feb,2,1,2025
20250218,18-02-2025,Tuesday,February,Feb,2,1,2025
20250219,19-02-2025,Wednesday,February,Feb,2,1,2025
20250220,20-02-2025,Thursday,February,Feb,2,1,2025
20250221,21-02-2025,Friday,February,Feb,2,1,2025
20250222,22-02-2025,Saturday,February,Feb,2,1,2025
20250223,23-02-2025,Sunday,February,Feb,2,1,2025
20250224,24-02-2025,Monday,February,Feb,2,1,2025
20250225,25-02-2025,Tuesday,February,Feb,2,1,2025
20250226,26-02-2025,Wednesday,February,Feb,2,1,2025
20250227,27-02-2025,Thursday,February,Feb,2,1,2025
20250228,28-02-2025,Friday,February,Feb,2,1,2025
20250301,01-03-2025,Saturday,March,Mar,3,1,2025
20250302,02-03-2025,Sunday,March,Mar,3,1,2025
20250303,03-03-2025,Monday,March,Mar,3,1,2025
20250304,04-03-2025,Tuesday,March,Mar,3,1,2025
20250305,05-03-2025,Wednesday,March,Mar,3,1,2025
20250306,06-03-2025,Thursday,March,Mar,3,1,2025
20250307,07-03-2025,Friday,March,Mar,3,1,2025
20250308,08-03-2025,Saturday,March,Mar,3,1,2025
20250309,09-03-2025,Sunday,March,Mar,3,1,2025
20250310,10-03-2025,Monday,March,Mar,3,1,2025
20250311,11-03-2025,Tuesday,March,Mar,3,1,2025
20250312,12-03-2025,Wednesday,March,Mar,3,1,2025
20250313,13-03-2025,Thursday,March,Mar,3,1,2025
20250314,14-03-2025,Friday,March,Mar,3,1,2025
20250315,15-03-2025,Saturday,March,Mar,3,1,2025
20250316,16-03-2025,Sunday,March,Mar,3,1,2025
20250317,17-03-2025,Monday,March,Mar,3,1,2025
20250318,18-03-2025,Tuesday,March,Mar,3,1,2025
20250319,19-03-2025,Wednesday,March,Mar,3,1,2025
20250320,20-03-2025,Thursday,March,Mar,3,1,2025
20250321,21-03-2025,Friday,March,Mar,3,1,2025
20250322,22-03-2025,Saturday,March,Mar,3,1,2025
20250323,23-03-2025,Sunday,March,Mar,3,1,2025
20250324,24-03-2025,Monday,March,Mar,3,1,2025
20250325,25-03-2025,Tuesday,March,Mar,3,1,2025
20250326,26-03-2025,Wednesday,March,Mar,3,1,2025
20250327,27-03-2025,Thursday,March,Mar,3,1,2025
20250328,28-03-2025,Friday,March,Mar,3,1,2025
20250329,29-03-2025,Saturday,March,Mar,3,1,2025
20250330,30-03-2025,Sunday,March,Mar,3,1,2025
20250331,31-03-2025,Monday,March,Mar,3,1,2025
20250401,01-04-2025,Tuesday,April,Apr,4,2,2025
20250402,02-04-2025,Wednesday,April,Apr,4,2,2025
20250403,03-04-2025,Thursday,April,Apr,4,2,2025
20250404,04-04-2025,Friday,April,Apr,4,2,2025
20250405,05-04-2025,Saturday,April,Apr,4,2,2025
20250406,06-04-2025,Sunday,April,Apr,4,2,2025
20250407,07-04-2025,Monday,April,Apr,4,2,2025
20250408,08-04-2025,Tuesday,April,Apr,4,2,2025
20250409,09-04-2025,Wednesday,April,Apr,4,2,2025
20250410,10-04-2025,Thursday,April,Apr,4,2,2025
20250411,11-04-2025,Friday,April,Apr,4,2,2025
20250412,12-04-2025,Saturday,April,Apr,4,2,2025
20250413,13-04-2025,Sunday,April,Apr,4,2,2025
20250414,14-04-2025,Monday,April,Apr,4,2,2025
20250415,15-04-2025,Tuesday,April,Apr,4,2,2025
20250416,16-04-2025,Wednesday,April,Apr,4,2,2025
20250417,17-04-2025,Thursday,April,Apr,4,2,2025
20250418,18-04-2025,Friday,April,Apr,4,2,2025
20250419,19-04-2025,Saturday,April,Apr,4,2,2025
20250420,20-04-2025,Sunday,April,Apr,4,2,2025
20250421,21-04-2025,Monday,April,Apr,4,2,2025
20250422,22-04-2025,Tuesday,April,Apr,4,2,2025
20250423,23-04-2025,Wednesday,April,Apr,4,2,2025
20250424,24-04-2025,Thursday,April,Apr,4,2,2025
20250425,25-04-2025,Friday,April,Apr,4,2,2025
20250426,26-04-2025,Saturday,April,Apr,4,2,2025
20250427,27-04-2025,Sunday,April,Apr,4,2,2025
20250428,28-04-2025,Monday,April,Apr,4,2,2025
20250429,29-04-2025,Tuesday,April,Apr,4,2,2025
20250430,30-04-2025,Wednesday,April,Apr,4,2,2025
20250501,01-05-2025,Thursday,May,May,5,2,2025
20250502,02-05-2025,Friday,May,May,5,2,2025
20250503,03-05-2025,Saturday,May,May,5,2,2025
20250504,04-05-2025,Sunday,May,May,5,2,2025
20250505,05-05-2025,Monday,May,May,5,2,2025
20250506,06-05-2025,Tuesday,May,May,5,2,2025
20250507,07-05-2025,Wednesday,May,May,5,2,2025
20250508,08-05-2025,Thursday,May,May,5,2,2025
20250509,09-05-2025,Friday,May,May,5,2,2025
20250510,10-05-2025,Saturday,May,May,5,2,2025
20250511,11-05-2025,Sunday,May,May,5,2,2025
20250512,12-05-2025,Monday,May,May,5,2,2025
20250513,13-05-2025,Tuesday,May,May,5,2,2025
20250514,14-05-2025,Wednesday,May,May,5,2,2025
20250515,15-05-2025,Thursday,May,May,5,2,2025
20250516,16-05-2025,Friday,May,May,5,2,2025
20250517,17-05-2025,Saturday,May,May,5,2,2025
20250518,18-05-2025,Sunday,May,May,5,2,2025
20250519,19-05-2025,Monday,May,May,5,2,2025
20250520,20-05-2025,Tuesday,May,May,5,2,2025
20250521,21-05-2025,Wednesday,May,May,5,2,2025
20250522,22-05-2025,Thursday,May,May,5,2,2025
20250523,23-05-2025,Friday,May,May,5,2,2025
20250524,24-05-2025,Saturday,May,May,5,2,2025
20250525,25-05-2025,Sunday,May,May,5,2,2025
20250526,26-05-2025,Monday,May,May,5,2,2025
20250527,27-05-2025,Tuesday,May,May,5,2,2025
20250528,28-05-2025,Wednesday,May,May,5,2,2025
20250529,29-05-2025,Thursday,May,May,5,2,2025
20250530,30-05-2025,Friday,May,May,5,2,2025
20250531,31-05-2025,Saturday,May,May,5,2,2025
20250601,01-06-2025,Sunday,June,Jun,6,2,2025
20250602,02-06-2025,Monday,June,Jun,6,2,2025
20250603,03-06-2025,Tuesday,June,Jun,6,2,2025
20250604,04-06-2025,Wednesday,June,Jun,6,2,2025
20250605,05-06-2025,Thursday,June,Jun,6,2,2025
20250606,06-06-2025,Friday,June,Jun,6,2,2025
20250607,07-06-2025,Saturday,June,Jun,6,2,2025
20250608,08-06-2025,Sunday,June,Jun,6,2,2025
20250609,09-06-2025,Monday,June,Jun,6,2,2025
20250610,10-06-2025,Tuesday,June,Jun,6,2,2025
20250611,11-06-2025,Wednesday,June,Jun,6,2,2025
20250612,12-06-2025,Thursday,June,Jun,6,2,2025
20250613,13-06-2025,Friday,June,Jun,6,2,2025
20250614,14-06-2025,Saturday,June,Jun,6,2,2025
20250615,15-06-2025,Sunday,June,Jun,6,2,2025
20250616,16-06-2025,Monday,June,Jun,6,2,2025
20250617,17-06-2025,Tuesday,June,Jun,6,2,2025
20250618,18-06-2025,Wednesday,June,Jun,6,2,2025
20250619,19-06-2025,Thursday,June,Jun,6,2,2025
20250620,20-06-2025,Friday,June,Jun,6,2,2025
20250621,21-06-2025,Saturday,June,Jun,6,2,2025
20250622,22-06-2025,Sunday,June,Jun,6,2,2025
20250623,23-06-2025,Monday,June,Jun,6,2,2025
20250624,24-06-2025,Tuesday,June,Jun,6,2,2025
20250625,25-06-2025,Wednesday,June,Jun,6,2,2025
20250626,26-06-2025,Thursday,June,Jun,6,2,2025
20250627,27-06-2025,Friday,June,Jun,6,2,2025
20250628,28-06-2025,Saturday,June,Jun,6,2,2025
20250629,29-06-2025,Sunday,June,Jun,6,2,2025
20250630,30-06-2025,Monday,June,Jun,6,2,2025
20250701,01-07-2025,Tuesday,July,Jul,7,3,2025
20250702,02-07-2025,Wednesday,July,Jul,7,3,2025
20250703,03-07-2025,Thursday,July,Jul,7,3,2025
20250704,04-07-2025,Friday,July,Jul,7,3,2025
20250705,05-07-2025,Saturday,July,Jul,7,3,2025
20250706,06-07-2025,Sunday,July,Jul,7,3,2025
20250707,07-07-2025,Monday,July,Jul,7,3,2025
20250708,08-07-2025,Tuesday,July,Jul,7,3,2025
20250709,09-07-2025,Wednesday,July,Jul,7,3,2025
20250710,10-07-2025,Thursday,July,Jul,7,3,2025
20250711,11-07-2025,Friday,July,Jul,7,3,2025
20250712,12-07-2025,Saturday,July,Jul,7,3,2025
20250713,13-07-2025,Sunday,July,Jul,7,3,2025
20250714,14-07-2025,Monday,July,Jul,7,3,2025
20250715,15-07-2025,Tuesday,July,Jul,7,3,2025
20250716,16-07-2025,Wednesday,July,Jul,7,3,2025
20250717,17-07-2025,Thursday,July,Jul,7,3,2025
20250718,18-07-2025,Friday,July,Jul,7,3,2025
20250719,19-07-2025,Saturday,July,Jul,7,3,2025
20250720,20-07-2025,Sunday,July,Jul,7,3,2025
20250721,21-07-2025,Monday,July,Jul,7,3,2025
20250722,22-07-2025,Tuesday,July,Jul,7,3,2025
20250723,23-07-2025,Wednesday,July,Jul,7,3,2025
20250724,24-07-2025,Thursday,July,Jul,7,3,2025
20250725,25-07-2025,Friday,July,Jul,7,3,2025
20250726,26-07-2025,Saturday,July,Jul,7,3,2025
20250727,27-07-2025,Sunday,July,Jul,7,3,2025
20250728,28-07-2025,Monday,July,Jul,7,3,2025
20250729,29-07-2025,Tuesday,July,Jul,7,3,2025
20250730,30-07-2025,Wednesday,July,Jul,7,3,2025
20250731,31-07-2025,Thursday,July,Jul,7,3,2025
20250801,01-08-2025,Friday,August,Aug,8,3,2025
20250802,02-08-2025,Saturday,August,Aug,8,3,2025
20250803,03-08-2025,Sunday,August,Aug,8,3,2025
20250804,04-08-2025,Monday,August,Aug,8,3,2025
20250805,05-08-2025,Tuesday,August,Aug,8,3,2025
20250806,06-08-2025,Wednesday,August,Aug,8,3,2025
20250807,07-08-2025,Thursday,August,Aug,8,3,2025
20250808,08-08-2025,Friday,August,Aug,8,3,2025
20250809,09-08-2025,Saturday,August,Aug,8,3,2025
20250810,10-08-2025,Sunday,August,Aug,8,3,2025
20250811,11-08-2025,Monday,August,Aug,8,3,2025
20250812,12-08-2025,Tuesday,August,Aug,8,3,2025
20250813,13-08-2025,Wednesday,August,Aug,8,3,2025
20250814,14-08-2025,Thursday,August,Aug,8,3,2025
20250815,15-08-2025,Friday,August,Aug,8,3,2025
20250816,16-08-2025,Saturday,August,Aug,8,3,2025
20250817,17-08-2025,Sunday,August,Aug,8,3,2025
20250818,18-08-2025,Monday,August,Aug,8,3,2025
20250819,19-08-2025,Tuesday,August,Aug,8,3,2025
20250820,20-08-2025,Wednesday,August,Aug,8,3,2025
20250821,21-08-2025,Thursday,August,Aug,8,3,2025
20250822,22-08-2025,Friday,August,Aug,8,3,2025
20250823,23-08-2025,Saturday,August,Aug,8,3,2025
20250824,24-08-2025,Sunday,August,Aug,8,3,2025
20250825,25-08-2025,Monday,August,Aug,8,3,2025
20250826,26-08-2025,Tuesday,August,Aug,8,3,2025
20250827,27-08-2025,Wednesday,August,Aug,8,3,2025
20250828,28-08-2025,Thursday,August,Aug,8,3,2025
20250829,29-08-2025,Friday,August,Aug,8,3,2025
20250830,30-08-2025,Saturday,August,Aug,8,3,2025
20250831,31-08-2025,Sunday,August,Aug,8,3,2025
20250901,01-09-2025,Monday,September,Sep,9,3,2025
20250902,02-09-2025,Tuesday,September,Sep,9,3,2025
20250903,03-09-2025,Wednesday,September,Sep,9,3,2025
20250904,04-09-2025,Thursday,September,Sep,9,3,2025
20250905,05-09-2025,Friday,September,Sep,9,3,2025
20250906,06-09-2025,Saturday,September,Sep,9,3,2025
20250907,07-09-2025,Sunday,September,Sep,9,3,2025
20250908,08-09-2025,Monday,September,Sep,9,3,2025
20250909,09-09-2025,Tuesday,September,Sep,9,3,2025
20250910,10-09-2025,Wednesday,September,Sep,9,3,2025
20250911,11-09-2025,Thursday,September,Sep,9,3,2025
20250912,12-09-2025,Friday,September,Sep,9,3,2025
20250913,13-09-2025,Saturday,September,Sep,9,3,2025
20250914,14-09-2025,Sunday,September,Sep,9,3,2025
20250915,15-09-2025,Monday,September,Sep,9,3,2025
20250916,16-09-2025,Tuesday,September,Sep,9,3,2025
20250917,17-09-2025,Wednesday,September,Sep,9,3,2025
20250918,18-09-2025,Thursday,September,Sep,9,3,2025
20250919,19-09-2025,Friday,September,Sep,9,3,2025
20250920,20-09-2025,Saturday,September,Sep,9,3,2025
20250921,21-09-2025,Sunday,September,Sep,9,3,2025
20250922,22-09-2025,Monday,September,Sep,9,3,2025
20250923,23-09-2025,Tuesday,September,Sep,9,3,2025
20250924,24-09-2025,Wednesday,September,Sep,9,3,2025
20250925,25-09-2025,Thursday,September,Sep,9,3,2025
20250926,26-09-2025,Friday,September,Sep,9,3,2025
20250927,27-09-2025,Saturday,September,Sep,9,3,2025
20250928,28-09-2025,Sunday,September,Sep,9,3,2025
20250929,29-09-2025,Monday,September,Sep,9,3,2025
20250930,30-09-2025,Tuesday,September,Sep,9,3,2025
20251001,01-10-2025,Wednesday,October,Oct,10,4,2025
20251002,02-10-2025,Thursday,October,Oct,10,4,2025
20251003,03-10-2025,Friday,October,Oct,10,4,2025
20251004,04-10-2025,Saturday,October,Oct,10,4,2025
20251005,05-10-2025,Sunday,October,Oct,10,4,2025
20251006,06-10-2025,Monday,October,Oct,10,4,2025
20251007,07-10-2025,Tuesday,October,Oct,10,4,2025
20251008,08-10-2025,Wednesday,October,Oct,10,4,2025
20251009,09-10-2025,Thursday,October,Oct,10,4,2025
20251010,10-10-2025,Friday,October,Oct,10,4,2025
20251011,11-10-2025,Saturday,October,Oct,10,4,2025
20251012,12-10-2025,Sunday,October,Oct,10,4,2025
20251013,13-10-2025,Monday,October,Oct,10,4,2025
20251014,14-10-2025,Tuesday,October,Oct,10,4,2025
20251015,15-10-2025,Wednesday,October,Oct,10,4,2025
20251016,16-10-2025,Thursday,October,Oct,10,4,2025
20251017,17-10-2025,Friday,October,Oct,10,4,2025
20251018,18-10-2025,Saturday,October,Oct,10,4,2025
20251019,19-10-2025,Sunday,October,Oct,10,4,2025
20251020,20-10-2025,Monday,October,Oct,10,4,2025
20251021,21-10-2025,Tuesday,October,Oct,10,4,2025
20251022,22-10-2025,Wednesday,October,Oct,10,4,2025
20251023,23-10-2025,Thursday,October,Oct,10,4,2025
20251024,24-10-2025,Friday,October,Oct,10,4,2025
20251025,25-10-2025,Saturday,October,Oct,10,4,2025
20251026,26-10-2025,Sunday,October,Oct,10,4,2025
20251027,27-10-2025,Monday,October,Oct,10,4,2025
20251028,28-10-2025,Tuesday,October,Oct,10,4,2025
20251029,29-10-2025,Wednesday,October,Oct,10,4,2025
20251030,30-10-2025,Thursday,October,Oct,10,4,2025
20251031,31-10-2025,Friday,October,Oct,10,4,2025
20251101,01-11-2025,Saturday,November,Nov,11,4,2025
20251102,02-11-2025,Sunday,November,Nov,11,4,2025
20251103,03-11-2025,Monday,November,Nov,11,4,2025
20251104,04-11-2025,Tuesday,November,Nov,11,4,2025
20251105,05-11-2025,Wednesday,November,Nov,11,4,2025
20251106,06-11-2025,Thursday,November,Nov,11,4,2025
20251107,07-11-2025,Friday,November,Nov,11,4,2025
20251108,08-11-2025,Saturday,November,Nov,11,4,2025
20251109,09-11-2025,Sunday,November,Nov,11,4,2025
20251110,10-11-2025,Monday,November,Nov,11,4,2025
20251111,11-11-2025,Tuesday,November,Nov,11,4,2025
20251112,12-11-2025,Wednesday,November,Nov,11,4,2025
20251113,13-11-2025,Thursday,November,Nov,11,4,2025
20251114,14-11-2025,Friday,November,Nov,11,4,2025
20251115,15-11-2025,Saturday,November,Nov,11,4,2025
20251116,16-11-2025,Sunday,November,Nov,11,4,2025
20251117,17-11-2025,Monday,November,Nov,11,4,2025
20251118,18-11-2025,Tuesday,November,Nov,11,4,2025
20251119,19-11-2025,Wednesday,November,Nov,11,4,2025
20251120,20-11-2025,Thursday,November,Nov,11,4,2025
20251121,21-11-2025,Friday,November,Nov,11,4,2025
20251122,22-11-2025,Saturday,November,Nov,11,4,2025
20251123,23-11-2025,Sunday,November,Nov,11,4,2025
20251124,24-11-2025,Monday,November,Nov,11,4,2025
20251125,25-11-2025,Tuesday,November,Nov,11,4,2025
20251126,26-11-2025,Wednesday,November,Nov,11,4,2025
20251127,27-11-2025,Thursday,November,Nov,11,4,2025
20251128,28-11-2025,Friday,November,Nov,11,4,2025
20251129,29-11-2025,Saturday,November,Nov,11,4,2025
20251130,30-11-2025,Sunday,November,Nov,11,4,2025
20251201,01-12-2025,Monday,December,Dec,12,4,2025
20251202,02-12-2025,Tuesday,December,Dec,12,4,2025
20251203,03-12-2025,Wednesday,December,Dec,12,4,2025
20251204,04-12-2025,Thursday,December,Dec,12,4,2025
20251205,05-12-2025,Friday,December,Dec,12,4,2025
20251206,06-12-2025,Saturday,December,Dec,12,4,2025
20251207,07-12-2025,Sunday,December,Dec,12,4,2025
20251208,08-12-2025,Monday,December,Dec,12,4,2025
20251209,09-12-2025,Tuesday,December,Dec,12,4,2025
20251210,10-12-2025,Wednesday,December,Dec,12,4,2025
20251211,11-12-2025,Thursday,December,Dec,12,4,2025
20251212,12-12-2025,Friday,December,Dec,12,4,2025
20251213,13-12-2025,Saturday,December,Dec,12,4,2025
20251214,14-12-2025,Sunday,December,Dec,12,4,2025
20251215,15-12-2025,Monday,December,Dec,12,4,2025
20251216,16-12-2025,Tuesday,December,Dec,12,4,2025
20251217,17-12-2025,Wednesday,December,Dec,12,4,2025
20251218,18-12-2025,Thursday,December,Dec,12,4,2025
20251219,19-12-2025,Friday,December,Dec,12,4,2025
20251220,20-12-2025,Saturday,December,Dec,12,4,2025
20251221,21-12-2025,Sunday,December,Dec,12,4,2025
20251222,22-12-2025,Monday,December,Dec,12,4,2025
20251223,23-12-2025,Tuesday,December,Dec,12,4,2025
20251224,24-12-2025,Wednesday,December,Dec,12,4,2025
20251225,25-12-2025,Thursday,December,Dec,12,4,2025
20251226,26-12-2025,Friday,December,Dec,12,4,2025
20251227,27-12-2025,Saturday,December,Dec,12,4,2025
20251228,28-12-2025,Sunday,December,Dec,12,4,2025
20251229,29-12-2025,Monday,December,Dec,12,4,2025
20251230,30-12-2025,Tuesday,December,Dec,12,4,2025
20251231,31-12-2025,Wednesday,December,Dec,12,4,2025
